index,SongID,Performer,Song,spotify_genre,spotify_track_id,spotify_track_preview_url,spotify_track_duration_ms,spotify_track_popularity,spotify_track_explicit,danceability,energy,key,loudness,mode,speechiness,acousticness,instrumentalness,liveness,valence,tempo,time_signature,openl3_embedding
0,Hide in Your ShellSupertramp,Supertramp,Hide in Your Shell,"['album rock', 'art rock', 'classic rock', 'glam rock', 'mellow gold', 'piano rock', 'progressive rock', 'rock', 'soft rock']",0ldE7rHWykc9OUViCzdviV,,409889.0,51.0,False,0.476,0.355,7.0,-12.843,0.0,0.0429,0.471,7.42e-05,0.297,0.319,111.667,4.0,
1,Vento k h o,o k h o,Vent,"['chillhop', 'lo-fi beats', 'phonk']",3wJTCCMHtuOdDg4fJzkd0i,https://p.scdn.co/mp3-preview/17715e8450561f32e0b0e7ac0dde445a13fba769?cid=b8d3901151d34489a160e3cf0ab1fa94,164935.0,54.0,False,0.459,0.518,10.0,-9.398,0.0,0.0783,0.513,0.219,0.171,0.224,77.703,4.0,"2.1601093,2.1217008,3.4766328,2.0143945,2.094443,1.5656155,4.4368935,2.0379374,3.5772347,3.7900667,2.1574917,2.4515715,1.9279368,2.645798,1.8693844,1.9659063,2.270376,3.8220296,2.3064165,3.95815,2.7829232,3.5067139,1.3494531,4.2177887,2.8441305,4.0936127,1.7182384,4.210739,3.8218374,2.3815842,2.3050344,1.5446025,1.006986,3.0527365,1.2048067,0.7648739,1.5997891,3.0614963,2.301892,3.80514,2.595454,3.2969933,1.8811865,3.5620635,2.8785088,0.74335337,3.921888,1.5540378,2.661531,2.4059708,2.731656,1.7427362,1.4165411,2.3156178,0.86034113,2.460804,2.6628373,3.763334,1.5424303,1.3611591,2.6339593,2.6915693,3.4295993,1.4201163,3.7717516,2.5781078,1.4074184,2.9342132,1.6041746,0.8097148,0.6313741,1.8382217,2.5485938,3.5697618,1.8501014,2.380562,2.5068917,2.3746655,2.9888377,2.2596965,3.560204,2.4540012,1.5936028,2.6080003,2.9503765,1.8495256,2.7863758,2.737149,2.5565917,1.2569085,2.4098701,2.6058135,2.1013467,1.869429,2.3743134,1.4419639,2.6160018,2.0776002,4.0877314,1.5552409,1.9383736,1.9399891,1.3880894,1.0048733,4.7455387,2.7096484,1.7002087,2.5035434,1.8167546,2.8121464,0.8994488,4.3605614,3.2061915,3.255144,2.6381836,2.9522624,2.8538032,2.2309356,2.0321383,2.076097,2.7205486,1.4439228,2.5163512,2.918547,1.7823186,3.6875796,5.058395,3.0187051,2.8751252,3.593716,2.2490149,2.2377882,5.158577,2.8609836,0.9459986,3.078501,2.0313983,2.9906135,2.46983,2.3484004,1.3237367,4.66184,1.9393331,0.8312314,1.4689733,2.605299,1.6642383,1.0557966,1.8065395,2.3933127,2.1418192,4.335174,4.7198906,2.9060283,2.4718769,1.8688977,2.1054711,1.8394773,2.765485,1.664499,0.85638857,3.2941306,4.266609,1.8160099,0.740583,2.470672,1.5141972,2.05941,2.203434,3.712194,2.126217,1.7209588,3.4765482,0.9472632,2.4946682,2.3563375,2.507811,1.2568018,2.5193028,3.7484226,2.891699,1.55816,0.41105217,1.710294,3.4628718,5.1238194,1.7149305,2.5328088,3.9249308,1.999263,0.9980696,2.9282184,3.616697,3.0008974,1.9644378,2.3209028,2.631931,1.4118282,0.7722848,2.6974075,1.2037107,5.143025,2.5375924,1.3812041,2.4859867,2.2688828,1.6671827,2.1426876,1.2987145,2.3903115,2.4442677,2.9650073,2.7641644,3.4983513,1.5724206,2.6564314,1.9648452,2.0654373,1.3705364,2.9831715,1.3440385,3.687609,3.509656,1.7061858,0.58535695,1.5955184,0.7489116,2.2897751,2.7638001,2.45733,1.6655045,2.7750936,1.6520833,1.9291748,2.1767757,3.7917519,4.0680237,3.0379632,3.4079795,1.5165037,2.4822023,2.420859,2.4137208,0.87115973,3.1422844,2.2431004,2.0073042,2.835491,2.985312,5.412144,3.5217724,1.8788947,1.0658302,3.1837485,3.2857459,1.874985,3.1397777,2.01794,3.6123972,1.8952404,2.933531,2.17948,1.9660221,1.2304063,1.5001296,2.5412645,4.510358,2.6360452,3.4186497,3.4478838,1.820279,0.95254844,1.6634465,1.9209186,2.0562143,0.7235694,3.0404644,2.9719043,3.216654,1.6807812,2.8331425,2.0304737,1.3815548,1.3293004,3.1427693,2.4024868,1.7780373,1.0582495,1.4118199,3.6125126,1.6197481,1.5064484,1.119023,3.4292593,0.9432122,1.4657927,1.4835893,2.42084,1.5552741,3.1492038,2.6218126,2.5344567,2.5186954,2.6648834,2.8720522,4.6824875,2.1846125,1.5552943,1.9352101,3.259176,2.1534073,0.9024318,3.6196017,1.0846064,2.6568582,2.548635,2.9995854,0.94496745,0.86420923,0.32643768,5.2909694,1.7292515,5.2071953,1.5220032,3.7878754,1.7615623,2.4946072,2.2165995,1.1963795,3.8450031,1.6682606,1.1107844,1.3984603,2.793263,2.6328454,1.4008639,1.6352854,2.1453676,2.6699753,1.6899107,2.8471406,1.9704831,1.4352149,2.243463,2.629617,0.78481174,1.7970845,1.8801988,1.9494916,2.2268043,0.8292437,3.0784519,2.8521423,2.0016735,3.2192426,3.4741323,2.8796163,2.3587034,4.0870934,1.8486524,3.7860522,3.3533,2.5652368,0.17474075,2.78966,1.4548932,1.7974604,2.0501502,4.329285,3.4966066,2.2350187,4.434656,1.0020418,2.3232532,4.278029,1.5769011,2.3820853,3.1632228,1.997595,1.9628597,1.8635094,1.7776169,2.1654418,1.5392041,3.4962027,2.0472784,1.9850026,2.5889518,2.6072679,4.6071353,1.805529,1.2840565,0.84893304,1.6299413,2.5802147,1.6522965,0.6256335,2.9398482,2.610163,1.8407573,2.990723,2.7305171,2.225499,1.994261,2.832169,4.1046953,1.3257402,1.4973247,1.3180516,3.288536,1.0373292,3.3704174,2.3469841,5.0570383,1.9105744,2.2289543,1.508027,3.9205651,1.8837163,1.9425123,3.6769764,2.2121506,1.8131615,1.9313523,0.65574133,1.8076425,0.5176782,3.1271894,3.945248,0.7916912,2.9200342,1.4253855,3.434074,2.8404336,2.5810702,2.1512408,1.6103398,0.66646165,1.1163981,3.1433618,2.0898235,1.6305906,5.740437,2.3547802,2.3274667,2.6779296,1.331019,2.6010895,1.7400336,3.3016882,2.0965772,1.0503199,0.84750074,1.0753542,2.4208386,2.1263456,2.1362808,1.0862021,1.9391029,2.9756765,2.561334,0.99354464,2.2160225,2.2678216,1.0140796,3.0605202,1.1817081,3.418315,1.9297289,3.6086993,2.0647144,1.4176949,2.1980672,1.059942,2.332154,2.6007638,2.1934783,0.86265445,3.579462,2.8833218,0.8764374,1.706753,2.4462168,0.7245109,1.3805351,0.8760024,1.1270074,1.4763696,3.2806494,1.4062842,1.953579,1.5599817,1.9457827,2.5554738,2.281414,2.3805225,3.2625077,2.099575,1.7636361,3.0445275,3.6720731,4.141186,4.1881404,2.9728796,3.002266,2.1440706,0.50524235,3.739654,2.0124905,1.5250614,2.5364523,2.0788007"
2,Cesaro SummabilityTool,Tool,Cesaro Summability,"['alternative metal', 'alternative rock', 'art rock', 'nu metal', 'post-grunge', 'post-metal', 'progressive metal', 'progressive rock', 'rock']",6xttnk5U2VMVCaihaD0RPE,https://p.scdn.co/mp3-preview/e12b11bf6cdcdff4ce4c3e35a081fcaac28f1cda?cid=b8d3901151d34489a160e3cf0ab1fa94,86226.0,46.0,False,0.342,0.343,11.0,-21.736,0.0,0.191,0.000799,0.779,0.0832,0.196,115.35,4.0,"2.159655,2.4083972,2.3271515,2.4354935,2.967238,1.5569355,1.9489509,1.98826,3.3204675,3.0007138,1.8069961,2.911216,1.8481466,2.9269586,1.3053157,1.9297236,2.08888,3.3948624,1.7920996,3.875007,3.169809,1.6922436,2.0452309,2.4201043,1.875818,2.4736269,1.5728208,3.3779857,2.1367912,1.9885573,1.502323,1.8617098,1.3748565,2.6588564,1.0123295,0.7426252,1.847176,2.7176075,2.7057502,3.6935477,2.2149704,3.352638,2.190836,3.7516637,1.8468512,0.95469344,4.160261,1.141974,1.9444939,2.7728493,2.5487497,1.7549238,2.0969052,1.5279331,0.21700838,1.8924795,3.1976066,3.9736724,1.1933153,1.321651,2.5688796,2.9696631,3.3958778,1.3664076,3.7447968,2.9819245,0.53279763,2.1127849,2.0371687,0.9273802,0.46442047,2.0344388,1.3859557,4.8656707,0.21726964,1.3009524,2.5709503,2.2159684,1.8184726,2.2818406,3.4884331,2.1512191,1.4408236,2.7240667,3.3396232,2.5966117,1.1801969,2.8242555,1.493861,1.2338624,2.5211985,1.6512246,2.040811,1.5616566,0.8166949,1.8616884,2.4700246,2.370979,3.3851023,1.9582901,1.7133579,1.9448551,1.022987,0.60057104,4.3995485,2.9099379,1.9787078,2.1868281,2.3940637,3.7229912,0.9155096,3.1983368,1.5242774,1.8957169,2.6238518,2.4958062,2.8693864,1.8940114,2.1032648,2.4072304,2.1704936,1.324947,2.9453382,2.10173,2.4068098,3.919345,5.0290155,2.4007652,2.0082817,3.2894588,1.679744,1.7440392,4.9819245,1.4160769,0.95203036,2.6158977,1.9545983,2.3333642,2.4599044,2.4980147,1.6270344,3.923956,1.1821573,0.8122801,1.7263376,2.0925896,1.5663812,1.7534549,0.83670527,2.147141,3.0918665,3.7152367,3.8231292,3.189168,1.9383361,2.107202,2.3802762,1.7067115,2.783397,2.239411,0.64467424,2.2475545,4.258895,1.9602449,0.7052187,1.9338597,1.3149798,2.3594406,2.46873,4.5781283,1.9369509,2.0964532,2.695254,1.1438606,1.8292991,1.8614033,2.3088717,0.45817313,2.4887807,3.23162,2.6675746,1.2236066,0.53252393,1.3343602,2.291427,5.135818,1.6759923,2.680491,3.8819342,2.2883449,1.5320196,2.0169952,3.0159976,2.8632553,1.911753,2.481009,2.3759177,0.44123253,1.0752705,3.1074486,0.74277896,4.4003854,2.5678933,0.78158015,2.1900613,1.427277,1.5954167,2.3554015,0.71080065,2.096633,2.3724816,1.8239666,2.9305978,3.1837583,1.3510908,2.7712653,2.764034,1.1715316,1.2892205,2.985748,1.1365242,4.181642,2.533944,1.1007477,0.8593477,1.8505034,0.8580753,2.910943,1.2604722,1.566499,1.5720383,2.9625044,0.8953404,2.0805671,1.4160763,3.4524338,4.536806,2.5438156,2.736676,1.1517835,2.7340553,1.6549745,1.9568253,0.92372143,1.941413,1.9896098,2.526476,2.7210975,1.631205,4.731175,3.8247137,1.9198396,1.2311542,2.3151202,1.2129847,2.480219,3.248754,2.1132176,4.0544076,1.9792964,1.2380133,2.2081008,1.8190604,1.2187511,1.2623248,3.0113926,4.024664,2.325335,3.5474112,3.7271023,2.103453,0.97827715,1.3711298,1.62114,1.5136209,0.21607341,1.8361068,1.9031993,3.2814157,1.7226982,1.6959922,1.9235142,1.7000364,1.5632911,2.6348033,1.884077,1.7583418,1.0458806,1.1824375,2.435224,1.6208546,1.3445767,0.94745016,2.9792295,1.0073229,1.8593462,1.2761315,3.112392,1.8958172,2.6196294,2.138034,2.1742866,2.2269387,3.292528,3.1140327,4.775538,1.9562463,1.7811542,2.0987575,3.123882,3.3647752,0.6286607,2.862194,0.9448306,2.5435145,2.837632,2.4261718,1.7083191,0.77658904,0.5970711,4.149763,2.0996196,5.01782,0.81370354,4.1112056,1.7995572,2.0709648,1.5226691,1.6529858,2.5223668,1.5859015,0.94292843,1.8509258,2.424552,2.101531,1.5361199,1.5337387,2.2210448,2.142436,1.4523598,1.5841033,2.5408165,1.6280808,1.3773563,2.0491295,0.8794724,1.0185949,1.3765529,2.4762821,2.1881342,0.73058146,3.2701504,3.439358,1.3689971,2.6756895,2.5796592,3.3005922,3.0145633,2.707373,1.4109282,2.037585,2.2916846,2.332449,0.071570836,2.7387476,2.642291,2.1959846,3.0211282,2.591199,3.125008,1.3008941,4.3277626,1.1556085,2.613615,2.2390244,1.3815368,2.3836129,3.3448656,1.9312055,2.617343,1.5022775,1.8285257,1.5502923,0.41426077,3.663288,2.2363286,1.4900817,2.461247,2.6011224,2.437072,1.5811477,0.61873573,1.811884,0.7392185,2.0313942,1.5277689,1.0464897,2.9678519,2.1696455,1.6967745,3.125335,2.1653616,0.59559286,0.8725986,1.1705316,4.178777,0.5979161,1.2739121,0.8023561,2.9072099,1.0526149,3.1408095,2.508229,2.3257258,1.562348,1.317479,1.39757,4.0563054,2.4949744,1.2730652,3.882734,2.2876258,1.5950916,2.54111,0.6956933,1.832923,0.7541372,4.0726256,2.5464206,1.2423482,2.544087,0.72298974,3.556726,2.649665,1.8197155,1.3275989,1.4568813,0.7191587,0.8570833,2.502586,2.2970424,2.3295207,5.401074,1.9299709,2.9678977,2.1197357,1.4015337,2.6200407,1.5401798,3.5619621,1.4522372,0.76868683,0.7856627,0.81324095,1.8114033,1.7575336,1.9881932,1.2058221,1.5461624,3.1042721,2.8199983,1.0137981,3.160567,2.884256,0.5994306,1.76412,0.58223474,2.5748386,1.954537,3.0426018,1.465062,1.5004703,1.043516,1.3005316,2.7023144,2.5695543,2.7404082,0.8304124,1.4019226,1.7929438,0.9968039,1.5523103,2.0760524,0.51048726,1.6088449,0.6262437,1.0347683,1.0739022,1.7834405,1.1888288,1.9334395,1.2791958,1.9112749,1.4817117,1.2534097,2.7564933,2.9311478,2.3789907,2.7162702,2.7437851,4.080642,2.666676,3.994158,2.6687412,2.609397,1.2583126,0.5760723,3.13611,1.8801142,1.7990115,2.541422,1.8866026"
3,Dyslexic HeartPaul Westerberg,Paul Westerberg,Dyslexic Heart,"['alternative country', 'alternative pop', 'alternative rock', 'gbvfi', 'jangle pop', 'power pop', 'roots rock']",6h0lrpGtRIwbBiPHthDB3o,https://p.scdn.co/mp3-preview/ab43e42aa0b895003f7308a5ca3cdabd02939378?cid=b8d3901151d34489a160e3cf0ab1fa94,271200.0,49.0,False,0.637,0.902,0.0,-5.064,1.0,0.0292,0.0391,3.57e-06,0.128,0.843,136.575,4.0,"2.0636277,2.4203558,2.7444487,2.7469819,2.2706623,1.5814509,2.7584343,2.9261773,4.1678414,3.1814082,2.8889525,2.149078,1.9072453,2.7054975,2.4834142,2.3114035,2.2053888,3.7841501,2.7374182,3.866973,3.1332214,1.7613922,1.5108851,2.9364326,2.0553315,3.2390242,2.1170528,3.9852927,2.3603642,2.5506952,1.8433642,2.0958967,2.0139213,2.9096055,2.0281262,1.3037882,1.8636103,3.3645568,2.8316383,2.9806578,2.7754383,3.2830353,2.2857718,3.813836,2.223263,0.4962227,3.3565996,1.4976865,2.9086173,2.6620831,2.4577208,1.9066358,2.7563066,2.0756516,1.038405,2.437054,3.706963,3.5446067,1.8239037,1.1515841,3.0003266,2.9125266,3.548107,1.5725765,3.457289,2.6530442,1.1316628,2.5232973,2.0528789,2.1475315,0.5863554,2.3220625,1.7417185,4.109412,1.2187252,2.2526076,3.017436,2.8047442,2.5467649,2.1175294,3.5253587,2.3681178,1.588907,3.3012693,2.974275,2.448378,2.0826237,2.683317,2.1191964,1.4657494,2.0611808,2.1085005,2.0766726,1.3512864,1.6136658,1.7314501,2.5503204,2.3243148,3.644057,1.9158969,2.4301007,2.8460102,1.3851912,0.83068144,4.541388,2.6360316,3.1003895,2.3777616,2.1886792,2.7853394,1.0264198,3.4954863,2.3300748,3.2615602,3.210867,2.723768,2.894935,3.1786122,2.0808682,2.610883,2.2995567,2.002335,3.2547188,2.5926535,2.4165165,4.1946397,5.903164,2.9121466,2.0229206,4.5962105,1.6932505,1.9001366,5.7795515,2.4745858,1.0937603,2.5961356,2.1945927,2.4693375,1.7489334,2.806912,2.0100806,4.507567,2.0636601,1.6177473,1.725611,2.3454816,1.8427428,2.4785874,2.0041897,2.0026455,2.5670834,4.0424743,3.7066877,3.4491382,2.70563,3.2384477,2.1121104,1.7306621,2.7937317,2.7771773,1.1668403,2.2183757,3.5404785,1.9854969,0.748597,1.4137673,1.4524361,2.468003,2.163103,3.6840389,2.1085992,2.0791438,2.5926194,1.6713215,2.1963325,2.0644612,2.0977702,0.98085284,2.2888527,4.474794,3.2560894,1.4402385,0.700254,2.0374916,3.9146478,5.679518,1.5971677,2.7208748,3.6528702,3.051203,1.900743,2.680682,2.7734466,3.1862235,2.244686,3.4098804,2.72528,0.79557157,2.1401267,3.1041684,1.7188181,5.734581,2.5872226,1.0844417,2.6113393,1.9194406,2.070472,1.8879035,0.67823434,2.9163911,2.8300464,2.7437851,3.168876,2.6618218,1.5809698,2.5049233,2.5422208,2.078346,2.3557181,4.200021,2.0164921,2.8133824,2.7328322,1.796935,2.1209366,1.58711,1.803161,1.8018012,2.3200006,1.9896444,1.9090381,2.614267,1.7433358,1.8198164,1.8982332,2.9909508,4.074824,4.369005,2.898844,1.4714869,3.3682454,1.9511418,2.684778,0.79889756,2.273954,2.3195305,1.6295415,3.833336,1.6694833,5.187863,2.546243,2.143993,1.9562602,2.4521873,2.2734601,2.665995,1.618825,2.461618,4.0758905,1.8451303,2.254434,1.8620875,1.8799151,1.4345157,1.8681396,2.4312246,4.726811,3.1886907,3.4144468,4.5026693,2.8277328,2.1195078,2.1007836,1.9170058,1.7902412,1.393187,2.4292402,2.4612052,3.2364104,1.5859674,2.2885501,2.0642385,2.5183225,1.951556,3.9930403,2.0742311,2.1114438,2.0602653,2.2261589,2.1000583,2.230687,1.9140183,1.1123691,3.33061,1.3848695,2.1650105,1.9324057,3.0247965,1.5193286,3.0208197,2.0321171,2.0904007,1.9176164,2.050778,2.35411,4.8920603,2.2616487,2.0088382,2.65515,3.0031536,2.205663,0.7353014,3.8519702,2.1579568,2.9504366,4.85996,3.2338102,1.8036695,1.0350718,0.8849757,6.008354,2.7207918,5.3996496,1.8459421,4.8595204,2.27874,2.484575,1.9345726,2.4993093,2.607532,2.1965582,1.9461302,2.5180056,2.4928212,2.7227995,1.8817687,2.5812743,2.538898,2.295547,2.1903303,2.4014454,3.0835822,2.292051,1.2740682,2.2245953,0.77693236,1.9569486,2.0987794,1.5410728,2.5998204,1.154965,2.611165,2.7914307,1.9884187,2.9119985,2.811343,3.7349162,2.1411767,2.8177676,2.1732,2.2656348,3.6481917,3.200738,0.3661841,2.8369467,2.1450052,2.013312,2.2395594,2.386693,3.2756214,1.8198618,5.179209,1.2314801,2.027068,2.3300166,2.3165646,2.5035124,2.834039,1.8356014,2.4665205,2.4848726,2.6855536,2.4927807,1.493739,2.7174754,1.60664,1.9602963,3.3635669,3.6059706,4.206884,2.2950423,1.6532321,1.0657345,0.8365934,1.7000719,1.5362031,1.975879,3.2607617,2.3144138,1.8241106,3.134053,2.330302,2.00906,1.6463199,2.2708986,4.003926,1.4838884,1.6052592,2.144422,4.1179614,1.6008614,3.5130587,3.079231,3.7248297,1.5669128,1.6539072,1.3855788,4.0977306,2.9534476,1.3122264,5.6628113,2.4574943,1.9466845,1.973527,1.533109,1.6570929,1.33685,2.3842285,2.809705,1.2382697,2.8584905,1.3947868,2.9669778,3.121267,2.3734229,1.4353852,2.8102226,1.0145056,1.4100717,2.8791611,1.7480168,2.659011,5.608945,2.944446,2.3430462,2.7418084,1.8261585,2.9061122,2.3585606,4.1023116,1.7902948,1.2524933,1.6028353,1.3435045,2.0362685,2.0545754,2.462342,1.2315148,2.3673506,3.20405,3.8137872,1.6532239,2.649436,2.2289376,0.776846,2.8120732,1.0819625,2.184761,2.3252518,4.1467447,2.0235078,2.0502415,1.7226148,2.2518406,2.3881686,2.5431764,2.4802597,1.0921472,2.2361264,2.5831232,1.1046288,2.0273392,2.4225764,0.841715,1.5858611,1.7025101,1.8557589,2.0362036,2.552659,1.6463407,2.0713031,1.3898921,1.2641531,2.0209184,2.1528213,2.9273422,2.9023159,2.0180664,3.174466,2.7299492,2.8788905,4.7972174,3.5140512,3.2024257,2.7789407,1.8862368,0.78222144,3.459208,2.3812828,2.2081463,2.4911523,2.5743153"
4,Loan Me A DimeBoz Scaggs,Boz Scaggs,Loan Me A Dime,"['adult standards', 'album rock', 'art rock', 'classic rock', 'classic uk pop', 'country rock', 'folk', 'folk rock', 'heartland rock', 'mellow gold', 'rock', 'roots rock', 'singer-songwriter', 'soft rock', 'yacht rock']",05LTrpC9z6YpTPmaeGC9kQ,https://p.scdn.co/mp3-preview/595502b0217df464cd41354c30fdae7faf6f085b?cid=b8d3901151d34489a160e3cf0ab1fa94,751920.0,44.0,False,0.392,0.471,9.0,-10.518,0.0,0.0377,0.309,0.0577,0.287,0.382,139.957,4.0,"1.9540937,2.1918733,2.5679297,1.9793593,1.930395,1.5903251,2.680866,2.5661852,4.0343056,2.7145991,2.8111668,2.3483748,1.6251278,2.6085203,2.8919327,2.0151343,2.3014517,3.7406511,3.318198,3.9418535,3.2934554,2.5665505,1.2803972,2.6842153,1.8969392,3.5750732,2.1770394,4.0817866,3.0514028,2.5564568,1.7209543,1.826051,1.7330351,2.6256037,2.194345,1.4289852,2.3122642,3.390801,3.0152035,3.3291705,2.2168016,3.3154252,2.1644268,3.627195,2.132133,0.5831349,3.4647834,1.78387,2.6911244,2.6305926,2.329924,1.9405904,2.4642289,2.2729478,0.64283305,1.987435,2.8968885,3.8128448,2.0096633,1.5997337,2.9105442,2.9978356,3.280783,1.5000561,3.5471015,2.8857996,0.4696993,2.332128,1.8872463,1.2673315,0.6806851,2.1973984,2.0829294,3.8594975,1.0770142,2.7161725,3.1229897,3.1242936,2.1456566,2.3089302,3.5603204,2.1246905,1.5347174,2.9553602,3.0093553,2.2327263,2.2628186,2.730337,3.036356,1.521329,2.2434711,2.0072458,1.8473809,1.6367204,2.7706358,1.6358922,2.5826411,1.9467539,2.8701296,1.8183497,2.402452,2.1422737,1.4135056,0.8469229,4.635755,2.559591,2.9814787,3.209879,1.6198072,2.7040634,0.73449534,2.9729176,2.4513006,3.8542218,2.8844857,1.7701955,3.0401244,2.228349,1.7612576,2.8265104,2.2125914,2.1205006,3.1836164,2.2566323,3.571624,4.222061,5.8027163,3.028408,2.0222907,4.1350436,1.1384709,2.039237,6.232164,1.7842791,1.1348736,2.9483025,1.8924844,2.5544615,1.6817356,3.1313012,2.3176324,4.3052254,2.3686674,1.6499085,1.6599013,2.2320626,2.0561407,1.7538049,2.272882,2.2153003,2.7282712,4.741116,3.4631069,2.832437,2.707717,3.0352535,1.7976763,1.7261285,3.3081326,3.157666,1.3302376,2.164285,3.4739382,1.5472468,0.5282113,1.7327819,1.0813102,2.562544,2.0242944,4.0598507,1.9337573,1.785954,2.9217608,1.9198705,2.2041914,2.331044,2.0913033,0.4547513,2.0735948,4.236112,3.1926217,1.4034017,1.3536153,1.6734405,4.391547,5.3622103,1.6630342,2.4910188,3.6363714,3.325868,3.120761,2.1114385,2.7499027,3.1511679,2.1915977,3.3463032,2.2492857,0.45338893,2.4583716,3.1764624,1.3079838,6.0711446,2.6274877,0.991486,2.40565,2.1710603,2.4237797,1.9798408,0.69320285,2.7674072,2.9987836,2.930904,2.6516113,2.626433,2.2901113,2.3604045,3.215106,3.1677716,2.3176813,4.2245097,2.2112122,2.6406076,2.874293,1.7032415,1.5198137,2.1853108,1.133632,1.9892827,2.042286,1.7394878,1.8756979,2.737747,1.5530556,1.8523163,2.3996356,2.743806,4.4271407,4.1682014,2.707841,1.5949405,3.0464785,1.9383429,2.6377168,0.7340577,2.0647602,2.3506892,1.4923085,3.7758625,1.5955278,5.2701254,2.2964897,2.1275077,1.8356766,2.3588605,2.5620906,1.9856851,2.0182505,2.412442,3.8712702,1.8585333,2.1435492,1.4755893,1.757243,1.3035702,2.2899342,2.2126129,4.824801,3.9602334,3.417111,4.1043167,2.805499,1.6983248,1.5532327,1.5383198,2.0426579,1.6242278,2.3309746,2.2649283,2.9128864,1.5861664,2.1701446,2.0758522,2.4010985,2.257052,3.8098593,2.268401,1.8829385,1.9721875,2.1687198,2.7106311,2.6154952,1.8992965,1.4508845,3.5096695,1.3914285,3.145986,1.5953969,3.1349876,1.50429,3.2975056,1.867403,1.7188212,2.011797,2.4789958,2.3369784,5.345462,2.1442451,1.8295751,2.413498,2.8908968,2.0200212,0.7534661,3.099131,1.8021978,2.8324287,4.2645655,3.698819,1.0625004,0.91663665,0.36971867,6.1463075,2.9733102,5.480233,1.8191704,4.685471,2.174165,2.694945,1.9429841,2.3646305,2.2239065,2.9952047,1.7875099,1.8194621,2.7424884,3.324407,1.5540946,2.4528503,2.2051084,1.8754834,2.2313783,2.641293,2.3869474,2.1384344,1.2489581,1.4401413,0.7751732,1.1309797,2.0525703,1.5368437,3.041891,1.078048,2.5355291,3.2283347,2.1964715,3.186213,2.7245307,3.5876563,2.6452649,2.7797236,2.352913,2.5338876,3.2376475,2.835831,0.41757518,2.8902767,1.7185565,2.0037777,2.195142,2.6332743,3.0303593,1.9509633,5.1053376,1.1457814,1.9218719,2.5086849,1.9504598,2.9179766,2.979046,2.3704424,2.5955436,3.0451117,2.3599322,2.1710527,1.744976,3.6697538,1.8020618,2.1691,3.4619577,3.2291477,2.2593398,2.2377832,1.9157314,1.0593394,1.0232886,1.9949762,1.6178664,1.7697647,2.9613578,2.5801523,2.4745927,3.062721,2.6379898,2.9095817,2.7060676,1.6632853,3.971473,2.419044,1.5620557,2.0242853,4.0977263,1.4494951,3.3318334,2.6944664,3.171714,1.6118717,1.012406,1.422169,4.3404703,2.8933117,1.0968087,5.3382463,2.3923466,1.5258076,2.1538868,1.7834893,1.6817346,0.9244325,2.3589768,3.2339976,0.81060934,2.8796496,0.9407431,3.2055705,3.531151,1.3619694,1.33406,2.5589674,1.049704,1.5549673,2.8104477,1.6355214,3.3664353,5.6338105,3.000045,2.3766398,2.840089,1.9257938,3.5278792,2.3973575,3.6566825,1.9418354,1.6578871,2.47245,1.0817707,2.3508024,1.950006,2.102448,1.0643281,2.0550957,3.4265738,3.2620142,1.4107811,2.1947184,2.418466,1.0271132,2.3973017,1.1105825,2.8128471,2.5920362,4.256522,1.6823137,1.9178939,1.8722097,1.778437,2.4430928,2.5566611,2.903787,0.7623011,2.1150293,2.4080386,1.0546384,1.332842,2.4484677,0.84821177,1.3630351,1.6713357,1.4063348,1.9550937,2.4133372,1.2974715,2.3692856,1.0734929,1.576636,2.3061466,2.468153,2.5646625,2.6146374,2.206812,3.6337783,3.0757165,3.0136561,4.6834774,3.5655568,3.8157816,2.8243904,2.247019,1.0789566,3.9056108,2.0447774,1.9855295,2.5067887,2.8471358"
5,To the WorldWitrash,Witrash,To the World,,,,,,,,,,,,,,,,,,,
6,The Wreck of the Edmund FitzgeraldGordon Lightfoot,Gordon Lightfoot,The Wreck of the Edmund Fitzgerald,"['album rock', 'canadian country', 'canadian folk', 'canadian singer-songwriter', 'classic rock', 'country rock', 'folk', 'folk rock', 'mellow gold', 'rock', 'roots rock', 'singer-songwriter', 'soft rock', 'traditional folk']",536L9C0N7vhYdibCJx3cI2,https://p.scdn.co/mp3-preview/0ba5642161214b5a4e936b649bc7fd695ad9727f?cid=b8d3901151d34489a160e3cf0ab1fa94,389280.0,59.0,False,0.308,0.376,4.0,-15.24,1.0,0.0626,0.116,2.52e-06,0.166,0.158,186.047,3.0,"2.0078592,2.2150526,3.0933552,2.3132675,1.8849987,1.6990575,2.7135718,2.8159459,3.9845672,2.7666032,2.5432265,2.65494,1.6004037,2.8172972,2.609968,1.9995977,2.2979834,3.8799953,3.071035,3.9825847,2.8304734,2.66577,1.3636749,3.2714667,2.5647922,3.469402,2.730276,4.322579,2.8976724,2.5667434,2.0579982,1.8350022,1.511987,2.4041183,2.0661285,1.5884012,2.0634565,3.4025617,3.1087472,3.3958275,2.4411848,3.375954,2.282617,3.8620262,2.2917774,0.7012165,3.8355544,1.6022313,2.5494585,2.5726223,2.4255471,1.9634007,2.280029,2.2238379,0.76551455,2.4930353,3.2838688,3.4884293,1.9586506,1.5603591,2.5837243,2.9537466,3.693864,1.5787518,3.9001865,2.3876648,0.8928741,2.1779897,1.7882496,1.6264511,0.63228816,2.4193697,1.863477,3.565555,1.4468031,2.5551434,2.9269233,2.6709237,2.5248082,2.1891234,3.7110674,3.005781,1.525848,2.7953625,2.9444408,2.4751334,2.0435734,2.7346785,2.478277,1.3960974,2.310403,2.2442925,2.127579,1.3766953,2.3071787,1.576782,2.6826925,2.2294793,3.2697659,1.9664379,2.367164,2.216069,1.6081568,0.95168406,4.8033333,2.6345408,2.7963126,3.2872133,1.7867714,3.2916749,0.7053771,3.5320456,2.4193623,3.6399288,3.3764234,1.9028974,3.4253113,2.544498,2.1291988,2.8601594,2.3195732,2.2133088,3.2035036,2.169225,2.9646676,4.242793,5.852433,3.0243063,2.0328536,4.149396,1.3613338,2.2255003,5.8489885,2.264872,1.0409718,2.6294966,2.1505609,2.4784598,1.6625845,2.7724895,2.0093522,4.656029,2.2008703,1.1995972,1.9038024,2.4855745,1.8736671,1.9553951,1.6950583,2.1410575,2.611991,4.63479,3.5298998,3.3399627,2.7982755,2.7275271,1.7104412,1.8182266,3.299324,3.0557976,1.3171036,2.7436159,3.7879107,1.4297047,0.73042774,1.7920109,1.3034298,2.4428244,2.0207894,3.2397811,2.38834,2.0073912,2.9861012,1.6330137,2.6140811,2.4771829,2.2000353,0.8220547,2.296756,4.41237,3.2953074,1.3430477,0.9525862,2.3765054,4.2504754,5.8990154,1.7504258,2.7523835,3.7431464,3.101954,2.550193,2.5895379,2.9836144,3.4352643,2.2475567,3.2613292,2.7455873,1.0157573,1.8707653,2.8799667,1.7014288,5.9632673,2.47769,0.97376806,2.420155,2.0637834,2.1546366,1.9589118,0.6969652,3.158581,2.8830593,2.8874474,2.6128879,2.594378,1.8296435,2.3530037,3.0156395,2.7113488,2.370516,4.730477,2.0273173,2.565274,2.7196703,1.5935658,1.3743309,1.8302357,1.2435948,2.0938256,1.908132,1.9905843,1.7802305,2.7514012,1.4020944,1.8381237,2.2116392,2.9745693,4.1763577,4.0273395,2.5684683,1.5144496,3.070068,2.0142362,2.6711926,0.7611198,2.0774438,2.3765228,1.9102763,3.5521646,1.7086359,5.351374,2.5183687,2.170235,1.6108701,2.4682205,2.399955,2.5591233,2.5219123,2.3205633,3.490803,1.8286617,2.3343558,1.6460044,2.0208042,1.5052865,2.0565157,2.4067497,4.8482556,3.4040835,3.5147548,4.455775,2.6289299,1.8737595,1.8101592,2.18964,2.0018897,1.4520792,2.4477801,2.7126124,3.1305804,1.7562908,2.641281,2.0885046,2.3886976,2.5091097,3.6484342,2.0558305,2.5298939,1.6878102,2.0131605,2.6305783,2.553462,1.8921444,1.4654859,3.4912674,1.3666073,2.653497,1.4466612,2.837121,1.5473528,3.233302,1.853727,1.8447552,2.0882232,2.1876976,2.4369686,5.2287645,2.3499782,1.8396378,2.8920739,2.667352,1.7082415,0.79894316,3.5872154,2.2040668,3.0176997,4.2137375,3.5317993,1.2106515,1.0751852,0.49624026,5.8096056,2.925436,5.7101707,1.717988,4.624559,2.490319,2.5492556,1.8357967,2.048336,2.5350542,2.3102055,1.4838933,2.348922,2.9082186,3.2845893,1.4001045,2.19481,2.0716305,1.9924331,2.1905148,2.1941574,2.1882994,2.4058511,1.4916631,1.6000276,0.770223,1.2431836,1.8951455,1.4797289,2.7511518,1.0648469,2.4573395,2.987397,2.1838965,2.9568434,2.6089795,3.9241729,2.184652,3.425405,2.1069827,2.293829,3.5331795,3.454136,0.43997708,2.9452965,2.0017724,2.5225232,2.5400395,2.9046068,3.2005382,2.012904,4.966143,1.1016914,2.087373,2.2861252,2.1366277,2.999813,3.2573986,1.6629282,2.471985,2.8720677,2.7756748,2.2854035,1.6806412,3.4853425,1.9873474,2.1893356,3.3204148,3.16054,3.2047322,1.7921942,1.7956669,0.62843245,1.0688406,2.0722783,1.7683411,1.7755952,3.2195988,2.5320003,2.1386056,3.1549456,2.5491142,2.4577317,2.2948632,2.3047152,4.22953,2.058669,1.6366969,2.1273615,3.9912815,1.1841961,3.7026107,2.848294,3.7523317,1.6245399,1.6565787,1.3925911,4.3331933,2.697715,1.0894591,5.2763968,2.5579057,1.8711494,2.123729,1.8554902,1.7999239,1.0427498,2.422219,3.125561,0.828002,2.9980361,1.1390116,3.1907945,3.3905988,1.7137685,1.5685701,2.17617,0.88377815,1.647399,2.7224748,2.001582,3.2141395,5.865401,2.9733803,2.5902505,2.835497,2.0661461,3.1628864,2.2224371,3.2962651,1.6879902,1.5824074,2.074816,1.2146457,2.3170147,1.8654878,1.8333732,1.218852,2.2775857,3.2403464,3.464793,1.5305219,2.0212696,2.466649,1.2220287,3.0703626,1.2880999,2.491534,2.6012235,4.164065,2.0559793,1.9881029,1.75636,1.9182469,2.405577,2.575836,2.51061,0.9979392,2.388381,2.5451314,0.9830397,1.871174,2.2543666,0.9556563,1.7539159,1.3989773,1.9133221,1.7992667,2.781558,1.2698212,2.2134974,1.5067227,1.7449211,2.090929,2.3931587,2.4631782,2.6172707,2.1290495,3.4541984,2.9049535,3.070886,4.7600374,3.6264038,3.1926415,2.70176,2.166295,0.9059079,3.6852212,2.0282352,2.0633485,2.567166,3.0079951"
7,IonsShredders,Shredders,Ions,"['abstract hip hop', 'minnesota hip hop']",1DPvwjfw97lQBPlqJ155gn,https://p.scdn.co/mp3-preview/15fbc6ada941162141b70b0d69a64e874774abbc?cid=b8d3901151d34489a160e3cf0ab1fa94,195937.0,29.0,True,0.745,0.806,4.0,-6.671,0.0,0.178,0.0136,0.0,0.0751,0.439,80.024,4.0,"2.3073092,2.1855998,2.9756587,2.4772832,1.858397,1.5832793,3.5731764,2.9476519,4.00902,3.835942,2.65607,2.4175541,1.7662694,2.7282603,2.4412177,2.574852,2.2696025,4.0068197,2.788185,3.9361255,2.80078,1.584508,1.6771256,3.507466,2.499791,3.8218234,2.388488,4.1833916,2.563684,2.4116814,2.3296912,1.9262568,1.5734483,3.0454004,2.365878,1.076239,1.9114803,3.2391279,2.979621,3.0112984,2.9785178,3.4575326,2.3259885,3.8562562,2.5308597,0.5386605,3.493293,1.5751432,2.3552341,2.622582,2.1183498,1.834741,2.561551,2.4811313,1.3136771,2.5505395,4.5233936,3.3106842,1.5519576,0.7701993,2.570235,2.8761187,3.7088487,1.5624967,3.9790556,2.446984,1.6706789,2.8048728,1.5438439,1.8070884,0.42914262,2.3361344,1.1279007,3.4288838,1.9672468,1.8952149,2.784445,2.8171937,3.0837462,2.114278,3.6138082,2.8478694,1.8768237,2.5833626,3.0310185,1.9918412,2.1915905,2.7851362,2.5495536,1.2370782,1.9669666,2.3763309,2.8645048,1.4177091,1.19609,1.1979048,2.679588,2.2699702,3.6066916,1.4755734,2.3836055,2.3996663,1.269147,1.0932479,4.850826,2.5880387,2.37761,2.5265281,2.2080026,2.8691409,0.90041757,3.926178,2.501525,3.1525984,3.1889234,2.8388362,2.984332,3.861347,1.7209911,2.8852298,2.8411565,1.4576904,3.2015634,2.6512487,2.3943589,3.9473915,5.8092704,2.8875446,2.172846,4.4940577,2.4070375,1.7741555,5.7698274,2.622528,0.9098762,2.7188594,2.4331844,2.382908,1.665169,2.424076,2.5229347,4.183419,1.3563273,0.9798331,1.8799927,2.9947026,1.8772978,2.6798966,1.2646533,1.8979412,2.0898924,4.4561214,3.910861,3.6172001,2.492359,3.1168349,2.2274563,1.5651293,2.15798,2.108468,1.140743,3.3132987,3.6847248,1.7637664,0.7058075,1.1458838,1.7205962,2.3069465,1.8277025,3.1587665,2.336894,1.9622434,2.8481286,1.8119211,2.723973,2.5187378,2.3720284,1.1899047,2.8603647,4.3957195,3.1451812,0.93019015,0.87749267,2.0644588,3.9597394,5.6809173,1.6913817,2.176385,3.8678188,2.9797478,1.4549468,2.7906892,3.3782024,3.1196618,2.0186746,3.0399601,2.382465,1.0437862,2.0227182,2.9624648,2.176463,5.5312486,2.971279,1.416185,2.882214,1.5807012,2.433834,2.04686,0.7990269,2.7666442,1.6170591,3.2561986,2.6811097,3.2299554,1.5276263,2.888031,2.6288087,1.5166212,2.9439588,3.880232,1.2091181,3.7173,3.0404725,1.3680438,2.1960375,1.0424379,2.2309437,2.0064385,1.9804482,2.4947624,1.7262167,2.8610885,1.7172092,1.716833,1.3000884,3.667598,4.063603,3.9564254,3.4109197,0.96068114,3.2031393,2.0997694,2.8178012,0.589733,2.6602633,1.6369541,2.2002335,3.143971,2.212707,5.279933,2.6072183,2.2535212,1.6159354,2.6216102,1.8642237,2.6103635,2.0315945,2.7481923,3.4706328,2.1457121,2.9252474,2.474994,1.879463,1.3188826,1.6879398,2.0751617,4.727818,2.8729963,3.738396,4.4827,2.3466597,1.1091951,2.7251706,2.0314443,1.9086307,0.9939595,2.6205823,2.8077133,3.2446911,1.6441904,3.015254,2.0194223,2.1160002,2.215012,3.6016283,2.1870928,1.9378477,2.174146,1.9730012,2.2137141,2.045449,2.3995578,1.3868105,3.5301042,0.76530135,1.533995,1.6405861,2.330903,1.4778038,3.0389524,2.0283878,2.48977,1.9808958,1.7917382,2.8244324,4.7407303,2.15304,2.1263793,3.2586842,2.9505675,1.6038413,0.78977674,4.4031987,3.1299396,3.0647042,4.086498,3.0929923,1.6129506,1.0348712,0.8236587,5.755031,2.0229995,5.733835,1.6773767,4.3924537,2.295852,3.2842996,2.0853486,2.1150877,3.2119617,1.8310598,0.877638,3.2317073,2.8124726,3.3329678,1.5660985,2.1489177,1.89214,2.6313825,2.2775273,1.5678566,2.5691378,2.0584252,1.993488,2.2638829,0.6173591,1.7564374,1.9956878,1.730875,2.645925,0.79727745,2.3402212,2.124611,1.946012,2.9289393,3.0277507,3.4665964,1.8294758,4.100584,1.220673,2.7229044,3.5351312,3.219085,0.44462487,3.194181,1.5517863,2.1275291,1.6031542,3.7742183,4.0395465,1.3066514,4.985807,0.8733053,1.9627078,3.0598006,2.199491,2.4218528,3.1105652,1.7165729,1.945803,2.1842463,2.3514962,2.5400538,0.80355173,3.2605424,2.090397,1.959096,3.0270941,3.2145908,3.8820813,1.3729839,1.0707486,0.5721518,1.0986675,2.2232392,1.672995,2.0499494,3.1457677,2.749617,2.3292549,3.2877276,2.6619637,1.3634969,1.6735622,2.691075,4.2096214,1.5284712,1.5888946,0.63646644,3.796367,1.0648259,3.5047512,3.4922228,4.809207,1.7431258,2.263348,1.3939452,4.309094,2.597221,1.2297238,5.122091,2.4393795,2.1193247,2.0845537,1.7916371,1.9911883,1.1635032,2.5321095,3.2103279,1.1696041,2.979839,1.4031631,3.1773493,3.2183309,2.2945662,2.123891,1.8321893,0.6444283,1.5418106,2.6075537,1.7060558,1.7431431,5.8837695,3.3379822,2.33871,2.7303445,1.5461104,2.74899,2.2674882,3.478535,2.0915208,0.8841495,1.5650624,1.1293443,2.5082586,2.3757756,1.9686399,1.1464946,2.4099283,2.9939299,3.456125,1.3941394,1.9647083,2.3065913,0.6948195,3.3849986,0.7801218,2.4491878,1.8807322,3.9306648,2.0382385,1.806539,1.5923394,2.1631536,2.1920323,2.5649571,1.9144795,0.8348725,3.5909872,2.224081,0.7237491,1.423708,2.2437618,0.7325898,1.8241447,1.1907843,1.5683498,1.2631823,3.4366403,1.4763513,1.562753,1.6737503,1.6909196,1.884876,1.9396183,2.9258914,3.118977,2.0898054,1.9995432,2.7958858,3.2425973,4.8559604,3.9178069,3.3370934,2.5449212,1.6868156,0.5626265,3.5691042,2.0651467,1.6862317,2.5360665,2.5942688"
8,The Middle - Acoustic VersionJimmy Eat World,Jimmy Eat World,The Middle - Acoustic Version,"['modern rock', 'neo mellow', 'pop punk', 'pop rock', 'post-grunge', 'rock']",,,,,,,,,,,,,,,,,,
9,Easy RiderEddie Berman,Eddie Berman,Easy Rider,"['chamber pop', 'deep new americana', 'indie folk', 'new americana', 'stomp and holler']",3MCaKeccHJ13bLYCEQtQFq,https://p.scdn.co/mp3-preview/571f8cd7145f607e0e1cc020d5685c2f4a060fd6?cid=b8d3901151d34489a160e3cf0ab1fa94,229800.0,51.0,False,0.569,0.472,4.0,-10.222,1.0,0.0263,0.499,0.017,0.11,0.326,115.359,4.0,"1.990176,2.1639287,2.6295052,2.2431624,2.200712,1.6908774,2.569922,2.812298,4.0010633,2.7763228,2.4348154,2.3372507,1.6900086,2.8003001,2.3951898,2.2441409,2.1989331,3.7377238,3.1384284,3.922625,2.9913456,2.7266521,1.5175729,3.616608,2.7426498,3.317385,2.3734975,4.3458066,2.814178,2.598931,2.0255485,1.8513621,1.6135799,2.4178247,2.2742486,1.5473865,1.9958391,3.2544186,2.663948,3.254779,2.6546996,3.3378706,2.202165,3.856142,2.2460177,0.57465297,3.7267187,1.3942071,2.7545128,2.6409523,2.4619193,2.0934799,2.2576137,2.0034533,0.5771799,2.12178,3.397294,3.3562362,1.9439284,1.6792554,2.9076118,2.942797,3.6630888,1.5782729,3.8911514,2.6628323,1.1803849,2.3834019,1.666213,1.4201895,0.6321662,2.356072,2.0148623,3.6618369,0.8476104,2.6467874,3.0929189,3.074289,2.3933673,2.1957104,3.842254,2.4294398,1.640597,2.655019,2.7392616,2.5742896,2.1044102,2.7225313,2.3911982,1.5802095,2.163428,2.2717993,2.243785,1.465905,2.018927,1.6076202,2.5506504,2.0817523,3.4588385,1.7963729,2.1444178,2.396047,1.8167506,1.0019001,4.8224072,2.638204,2.8399136,2.9638717,1.8661399,3.184749,0.9416271,3.5545359,2.3072777,3.629504,3.043492,2.1653407,3.3488345,2.6677377,1.9983003,2.7784758,2.3305187,2.309016,3.450527,2.4387803,2.585678,4.2911124,5.8323293,3.0609615,1.9119669,4.259014,1.6808519,2.221437,5.8298173,1.750735,1.0266958,2.5851607,2.1011262,2.503744,1.8063815,2.8096974,1.6821469,4.2886086,2.061809,1.3457226,1.9814241,2.268608,2.020112,2.006571,1.8930045,2.2059464,2.6782649,4.8824296,3.4466927,3.314701,2.5577428,2.6795645,1.7216312,1.8705469,3.0122762,3.0644996,1.2003044,2.8230336,3.5527475,1.5305952,0.7845182,1.859492,1.1799004,2.4418135,2.3526032,3.2595944,2.349221,1.9340847,2.898232,1.8553872,2.6633403,2.195975,2.231765,1.3986549,2.4767988,4.407618,3.1103451,1.6243298,1.112338,2.0634818,4.1918664,5.574144,1.6946534,2.7178667,3.7505145,3.3459003,2.132437,2.7156372,2.9269826,3.0687714,2.2173264,3.1518002,2.8980212,1.2798938,2.0026975,3.0259304,1.7270391,6.001363,2.3328218,0.9001996,2.5089247,2.2353406,2.1386678,1.9495517,0.7385102,3.2784464,3.2998927,2.6696627,2.6693256,3.0978029,1.6833626,2.5513134,2.7532237,2.7016995,2.5627253,4.2127123,2.438876,2.9064927,2.6217341,1.5910002,1.6934986,1.4402612,1.3301756,2.0377996,1.9137107,2.1257043,1.7819052,2.647819,1.6372674,1.8587828,2.219019,3.0262904,4.29032,3.9289596,2.6093044,1.5085441,3.0259988,2.2855628,2.5111973,0.78609455,1.9956969,2.4415364,1.7631396,3.1152163,1.68694,5.2258606,2.921226,2.217046,1.5164897,2.4372017,2.3897676,2.651042,2.791849,2.4357522,3.7138553,1.7883772,1.9813263,1.9736665,2.3987966,1.4621469,1.9486269,2.63652,4.820059,3.1744413,3.427862,4.2343884,2.517641,1.6843255,1.9827118,2.2196274,2.1270258,1.5337982,2.3017151,3.253542,3.2927845,1.8305247,2.2895198,2.0602145,2.346121,2.4760509,3.749237,1.75828,2.0468698,1.7455521,2.0876586,2.647099,2.4585574,1.8301053,1.312563,3.4861941,1.3626562,2.3572884,1.4554908,3.1377735,1.6552932,3.2033706,2.065109,1.8576629,2.0152745,2.2463298,2.902063,4.895319,2.3082178,2.1565301,3.01212,2.555967,1.6021333,0.74904865,3.6414297,2.1026812,2.953834,3.992962,3.7303176,1.6356745,0.9930184,0.54343426,6.1013503,2.7751563,5.6438775,1.8583905,4.4196014,2.2992363,2.4746356,1.900808,2.2270525,2.4059427,1.9502745,1.4175133,2.5073864,2.7932808,3.0383546,1.4879246,2.152546,2.1854472,1.735621,2.299744,2.1803467,2.3488405,2.2157621,1.4338256,1.9212791,0.6902143,1.6303614,2.248149,1.3998142,2.403776,1.2603217,2.4191263,2.848553,2.1825192,3.0456307,2.6725347,3.4366076,2.4647083,2.9637446,2.028439,2.4242651,3.4221675,3.2639542,0.5191153,2.8736448,2.222003,2.4405022,2.4459136,2.8163695,3.375612,2.3569255,5.0153437,1.2630651,2.1118631,2.5557127,1.9992185,3.0806942,3.233612,1.9462389,2.142146,2.7825332,2.3167346,2.1295846,1.6713437,3.432672,2.378369,2.045717,3.168198,3.207646,3.2658768,2.3798342,1.949839,0.7243995,1.1315929,2.3007545,1.6099472,2.0645297,3.197955,2.6450834,2.1797931,3.0786004,2.4193392,2.6569145,2.0043297,1.8775734,4.061704,1.9235721,1.4959415,1.7756791,3.7584832,1.3777696,3.4644485,3.0019498,3.2348444,1.6578143,1.8721532,1.44924,4.249916,2.7230256,1.1180495,5.105866,2.553476,1.6987189,2.228001,1.6509596,1.6002164,1.5307038,2.4741828,3.1261854,0.89541346,3.0337458,1.1957841,3.2235508,3.2355416,2.153696,1.7256513,2.62412,0.93980783,1.5788993,2.5818057,1.7918506,2.6184957,5.866763,2.9342332,2.432029,2.8148074,2.0270677,3.082739,2.2667806,3.2476048,1.6547742,1.4348629,1.7743127,1.3117638,2.601672,1.7845434,2.179026,1.1606039,1.8544164,3.2545216,3.6027021,1.4853952,2.1284575,2.3995676,1.2996806,2.496577,1.4543109,2.701734,2.4919295,4.10056,2.3549612,2.018271,1.718305,2.0648122,2.4436603,2.582943,2.4030678,0.8024879,1.9432963,2.4257424,1.1500858,1.7599294,2.1515033,1.2590724,1.7237903,1.3175507,1.9962549,2.0237796,2.3740015,1.1454444,2.1078317,1.1061509,2.0153778,2.316216,2.2340066,2.6033552,2.8071744,2.466608,2.9920971,3.0445614,3.035418,4.674684,3.746389,3.16139,2.7170591,2.377718,0.881097,3.6148524,2.006113,2.0963612,2.6647837,2.778609"
